{"cameraMode":{"drawMode":0,"name":"Shaded","section":"Shading Mode"},"sceneLighting":false,"audioPlay":false,"sceneViewState":{"showFog":true,"showMaterialUpdate":false,"showSkybox":true,"showFlares":true,"showImageEffects":true,"showParticleSystems":true},"in2DMode":false,"pivot":{"x":457.6319885253906,"y":33.81828689575195,"z":15.386886596679688},"rotation":{"x":0.029658693820238115,"y":-0.14937084913253785,"z":0.004482484422624111,"w":0.9883262515068054},"size":238.1411590576172,"orthographic":false}