{"cameraMode":{"drawMode":0,"name":"Shaded","section":"Shading Mode"},"sceneLighting":false,"audioPlay":false,"sceneViewState":{"showFog":true,"showMaterialUpdate":false,"showSkybox":true,"showFlares":true,"showImageEffects":true,"showParticleSystems":true},"in2DMode":false,"pivot":{"x":-0.6739115715026856,"y":-3.373121738433838,"z":0.875370979309082},"rotation":{"x":0.9495131969451904,"y":0.026209725067019464,"z":0.3015393614768982,"w":-0.08253366500139237},"size":5.366276264190674,"orthographic":false}